{
    "train": {
        "loss": 1.3023971319198608,
        "accuracy": 0.5202365517616272
    },
    "step": 2
}
