step	accuracy
0	0.2759726345539093
1	0.46237707138061523
2	0.5202365517616272
