step	loss
0	1.732591986656189
1	1.4581369161605835
2	1.3023971319198608
